"";"judet";"localitate";"nemultumiti_per";"nemultumiti_nr";"tur1_amaritei";"tur1_branza";"tur1_diaconescu";"tur1_funar";"tur1_kelemen";"tur1_macovei";"tur1_melescanu";"tur1_ponta";"tur1_rotaru";"tur1_szilagy";"tur1_tariceanu";"tur1_udrea";"tur1_vadim"
"1";"bacau";"comanesti";1;1004;-1,31745003166715e-15;4,5806238492679e-17;0,261197179606193;-5,83763180030777e-16;0,228525665524301;1;0,999999999999999;1,06661799131199e-17;1;1;0,253379381872846;1;0,18459083954717
"2";"harghita";"odorheiu secuiesc";0,994695230633445;4126,99051189816;-2,22277845896559e-14;1,13730873861015e-15;-1,47749571119162e-16;0,585846649782013;0,851361458773833;1;0,999999999999997;-2,02588121168076e-17;1,54741875166071e-15;1;0,999999999999999;0,461254359431269;-6,90434887961295e-16
"3";"cluj";"floresti";0,985468869417406;4078,85565051864;-1,13596208128796e-15;1,01448260193235e-14;-1,60736922509827e-16;1;1;0,9481803813984;1,10969251752143e-16;-3,17688009722802e-17;0,999999999999997;1;0,354629812544345;0,824239641366588;0,255115242918151
"4";"cluj";"turda";0,984640825542917;4527,37851584633;0,169282440833808;1;0,294907429140112;0,917537622206135;0,867194776364042;0,499435717109035;-4,20253133469669e-19;0,167400155125214;1;1;0,333969597079374;0,578721211857752;0,279334833588099
"5";"alba";"blaj";0,960853945541708;1138,61192546692;1;2,3413499663101e-15;0,601627644103393;1;0,968447934900038;0,940416286832477;1;0;1;1;2,69999069890512e-19;1;0,851306114955222
"6";"satu mare";"satu mare";0,960718752566485;11096,3015921429;-4,74400953066356e-16;1;0,788685568286194;0,519197555969864;0,89739146263573;0,532470890096641;1;0,0029572620112913;1;1;0,297609007788475;0,592122791875788;0,227012122451418
"7";"alba";"aiud";0,950873553942194;2384,79087328702;1;1,96625211258204e-15;0,522930081602228;1,61641692574438e-17;0,71018110309393;1;-1,536870915085e-15;-1,34545070230358e-17;6,18821748287759e-16;1;7,99403085010945e-19;0,898493141821363;0,68909793081946
"8";"strainatate";"republica moldova";0,950602156784799;12942,448364625;1;1,00000000000001;1,00000000000001;1,00000000000001;0,999999999999998;1;0,999999999999999;0,189632304712663;1,00000000000001;1;1;1;1
"9";"strainatate";"sua";0,944530620204617;10829,9880912661;7,63830385591959e-15;1;1;2,00954494303473e-15;2,94536198717194e-16;1;0,352590508794155;0,253335306279744;0,999999999999999;-2,75887809866631e-15;0,641772318938359;1;2,18397043044135e-16
"10";"strainatate";"spania";0,93748620872917;46859,3106571188;1,00000000000001;0,999999999999999;0,752798699201159;1;0,999999999999999;0,882769141088038;1;0,587310149229202;1;-1,99013977777674e-15;6,602543751851e-16;1;0,324633799413785
"11";"maramures";"borsa";0,930219850334715;2339,50292359181;-1,03734698190543e-17;-3,34059141128454e-17;0,83827001203471;0,383227052514449;0,258231040076041;0,445156921418541;0,918661062074742;-1,16733273718272e-17;0,145166802552774;1;0,294744681353032;1;0
"12";"covasna";"targu secuiesc";0,928791296309374;1701,54565483877;-1,25687230196241e-16;4,32798512324888e-15;-5,79124025716366e-16;0,405167623352804;0,941423790520235;-9,08195108076195e-17;1;0,237248969429217;-5,57092986913834e-16;0,806928537770624;1;1;1
"13";"sibiu";"medias";0,914272550340806;3382,80843626098;2,76570397454568e-16;1;1;1;0,729604500821562;0,595810535757568;0;0,0837931792949304;0,922090940084381;0,904122087119057;0,298540596624289;0,523731901760755;1
"14";"strainatate";"italia";0,904688149024476;55470,9538574358;-8,97169959164829e-16;0,133268731021878;0,473788311867317;8,08316224013846e-16;0,999999999999999;1;2,23784528833883e-16;0,802789669366726;1;0,172728259832639;-2,276944924055e-16;1;1
"15";"mures";"sighisoara";0,900577191679982;2761,16966969082;-2,67602346007572e-16;0,999999999999999;1;1;1;0,797247836571041;1;-6,63071002667805e-19;1,02224098595675e-16;1;4,31578794076568e-18;0,726060727722926;1
"16";"cluj";"cluj-napoca";0,896337156711217;38555,942795933;1;1;0,693520852445216;0,603176851897478;1;1;0,62742773738566;1,88884348924714e-18;2,3255529027967e-17;0,809462414251217;0,116593751500466;1;0,957542455835967
"17";"brasov";"codlea";0,89511591422695;1749,95161231369;4,89925934787106e-16;3,33229611989878e-16;-1,21656631904364e-16;2,24382301428737e-16;0,108369753801344;1;1;0;-1,65538191176317e-15;-5,82192669401735e-15;0,46123897427369;1;0,559244311738189
"18";"cluj";"gherla";0,880606483614291;2134,59011628104;0,999999999999997;5,15586558882378e-16;0,327956866450576;0,50843557496073;1;0,664122632911593;0,0723553323827695;-5,54507379907965e-18;1;-1,38150129868933e-16;0,70269144888379;1;6,02552490056553e-17
"19";"alba";"alba iulia";0,879330640255209;6004,94894230282;-3,21940477920174e-16;0,886960758306278;0,76884903361672;0,152346833198588;1;0,833306696230171;0,197128192225847;0,0555844209617593;1;-8,32477000601035e-16;0,0590864739899692;1;1
"20";"sibiu";"sibiu";0,878387207793916;10456,3213215788;3,51002893785572e-17;1;1;1;1;0,769046306510509;0,852566309683694;0,0447396583987508;0,166442402012436;-1,63715425498304e-17;0,0958334392349232;0,889608072888164;0,487682298664206
"21";"hunedoara";"deva";0,868103565398903;4954,26704773154;1;1;0,343232311574134;5,8730161862466e-17;0,761841465439698;0,54426727575288;0,459686956031085;-2,50613492819472e-19;0;0,782637946009043;0,321389262322318;1;0,757770011779063
"22";"covasna";"sfintu gheorghe";0,863175524528072;5473,39600103251;1;2,20588929626037e-16;-1,36187526934227e-16;1,6979690730423e-17;0,981252853417342;1;1,61679644793489e-16;7,11260169040607e-18;4,64036166805388e-16;1;0,637488583319633;1;0,143887398674955
"23";"teleorman";"turnu magurele";0,849261599149427;1519,32900087833;-8,23625521674125e-18;1;0,0079104694093672;0,110148354185494;1;1;0,125052670900542;-4,21042308387298e-18;1;1;2,78012529506802e-17;0,764222330487201;1
"24";"mures";"tarnaveni";0,845362472735207;1809,07569165334;5,10767925109973e-16;0,237708755189244;0,616658901503386;-7,13331954395569e-17;0,658035660132366;1;0,0972465325058154;-1,73472347597681e-18;1;1;1;0,611827896363893;1
"25";"harghita";"miercurea ciuc";0,84120076582156;3376,57987400774;0,999999999999998;6,86487096270844e-16;9,26464923242088e-17;-5,12713428404247e-16;0,970331227864447;0;1,15509565035244e-15;-3,32884781298368e-17;3,73089575395126e-16;0,964711774843001;0,725381370775821;1;-4,88363176727924e-17
"26";"mures";"reghin";0,824449861484529;3173,30751685395;1;-2,1462468467779e-16;0,417345954037731;1;0,828355331287139;0,967456230964057;0,842647790252202;-1,62083642724405e-18;-4,87051824152388e-16;0,991588416231729;1;0,811948837052865;1
"27";"satu mare";"carei";0,81671721597937;1916,0185886876;-1,89585043987173e-15;-9,04755300887816e-17;-1,73311334543922e-16;-1,2940656064018e-15;0,827246609504115;0,278029371690578;1;0,19252234489318;-7,29336301832958e-17;5,0573128327083e-17;0,652082223624903;0,856638446717882;1
"28";"bistrita-nasaud";"bistrita";0,808027253906273;6852,0711131252;3,00262103045334e-16;1,15388789305911e-16;1;1;0,867957085837172;0,851654448971664;1;0;0,999999999999999;0,330874587241896;0,158477242135369;1;1
"29";"maramures";"baia mare";0,79694046168394;11930,1987114086;0,999999999999999;-2,51857015005861e-16;0,669789672343722;0,606475077643264;1;1;0,798988698407628;0;1;1;0,0140679620616987;1;0,848365682380475
"30";"bihor";"oradea";0,790169519482494;18809,9854112808;2,73649223721311e-16;1;0,466532321722567;0,721948350484618;1;0,886731512227836;0,68533838396395;0;1,56701791223591e-17;1;0,182501556525353;1;1
"31";"arges";"curtea de arges";0,784371643887459;1938,18233204591;6,17409349042124e-15;-1,28500522777263e-16;0,653247322482127;1;2,13905106961581e-16;0,542326352482649;-3,04876250373207e-16;0;1;1;0,267083263823276;0,433381347936319;0,955825151368025
"32";"iasi";"iasi";0,783637291011044;20907,4429241747;4,33552507302377e-18;0,634539935802038;0,354349916058249;0,303816740359119;3,36561219389631e-16;1;0,691190477956454;-1,6094430752567e-18;0;1;0,247505384463837;0,853698956917301;1
"33";"cluj";"dej";0,77934347468272;3083,86212931952;1;0,999999999999999;0,105322259945155;1;0,8323824530821;0,333073071072225;0,396590789588066;0;-1,01173995906249e-15;1;1;0,868671272385447;1
"34";"timis";"timisoara";0,771499137146563;26407,6439653897;0,996505674859474;5,69424450829697e-18;1;0,768530043374245;0,994502637556901;0,991772796003536;0,745644822878492;0,0348503793028579;0,977900991913844;1,17969842486663e-16;0,185224986910459;0,872907704431306;1
"35";"timis";"lugoj";0,759134519173586;3447,22985156725;1,1024463091263e-15;7,72650675694408e-17;0,9320359186091;1;0,591884508438148;0,772075669748253;0,550120453611961;0;0,244009084699814;1;0,250753953216387;1;1
"36";"bihor";"salonta";0,757784242142687;750,964183963403;3,13649430687428e-15;1,03018426933638e-16;0,34124085236989;0,599083804201534;0,94533622731747;1;0,999999999999999;0,0175729139816072;-1,96221989659664e-17;0,223070979724827;0,999999999999999;1;0
"37";"constanta";"constanta";0,749465660638034;20311,2688689513;1,23049249895088e-16;0,626834774189794;0,499343851971325;0,000515431004283855;1;1;0,640479183561387;-1,73472347597681e-18;5,30058650197478e-16;1;0,214040513565082;1;0,922760502148274
"38";"mures";"tirgu mures";0,746754042029219;10571,0502189656;-1,87824948311214e-16;0,385973210347865;1;1;0,71526489981161;0,923911112679216;0,224118538803075;0,0640993423686026;0,225675239970545;1;1;1;0,726703412196665
"39";"maramures";"tirgu lapus";0,745550573174894;1045,2619035912;1;0,999999999999999;0,694844879519384;0,389891267917302;1;1,61642633419077e-16;1;0;1,33231922084893e-15;1;0,305279221351352;1;0,257877919045375
"40";"tulcea";"tulcea";0,74227759962975;4874,53699676857;1;1;0,456317666478877;1;0,05716670178965;0,743199854724589;1;9,39278043184643e-19;1;1;0;1;1
"41";"arad";"arad";0,741152862779892;13604,6019491877;-1,81930536989562e-15;1;0,763866551024072;1;1;0,900508112618446;1;0;0,0957137407211605;1;0,0220001860901583;1;1
"42";"bacau";"bacau";0,740197123164755;8646,24259568751;1,22174343537262e-16;0,399876177164591;0,483169815588387;-1,2213851245079e-16;-6,66697658370038e-18;1;0,551784637331421;8,06791259961918e-19;1,31056660692288e-16;0,611173497952295;0,313843002115601;1;0,920558115072172
"43";"suceava";"radauti";0,737979310128923;1663,40536503059;1,00000000000001;0,999999999999999;1;-5,89278202178889e-16;0,999999999999998;0,856651230474637;0;-2,56013869517342e-18;1;-1,02614792329981e-14;0,129863672576931;0,660814124865087;0,951570652650809
"44";"dambovita";"moreni";0,731661035098406;1011,8872115411;1,86136235603473e-15;0,179649819475882;0,179078436215345;1;-1,64635753871562e-16;0,609395475133108;1;0,00343297323035179;1;1;0,381551664536192;1;1
"45";"vrancea";"focsani";0,731594594318274;4473,70094425625;-1,12896125223582e-16;0,326485441262022;0,787097285729168;0,202298357758605;1;1;0,970430752468852;1,56989728712798e-19;0;-1,58805316607588e-16;0,161795810676185;0,802650431431648;0,660250051663687
"46";"bucuresti";"sector3";0,729706782156454;29694,6877930747;1;0,736206077637014;0,23888630935691;0,887539550973009;0,270769189085646;1;0,355147171319535;0;1;-1,43121277969318e-17;0,296358276988339;1;0,570143202703545
"47";"bucuresti";"sector1";0,729371106987779;17854,2753279539;1,88102617668418e-16;0,441993267580894;0,369463827645625;0,823766970637968;1;1;0,439479445170516;1,51218490921105e-18;-7,72783546763142e-17;-2,55145715212919e-16;0,370390834638315;0,762314234252401;0,527891093145614
"48";"bucuresti";"sector6";0,722515043288248;27756,8604180046;-1,01651223708805e-16;1;0,373695858623287;0,971464404016991;3,27475483443444e-19;1;0,438778504914211;1,90491677576735e-18;0;0,999999999999998;0,240729508533951;0,932269593349573;0,731177272205699
"49";"hunedoara";"hunedoara";0,722509936525261;3788,84210713847;1;0,255495249858589;0,391717100918738;0,875044300673207;1;0,687772401049511;0,763751028917725;0,0740509356485381;1;1;0,0461832061981244;0,809198202751727;0,698971844980515
"50";"neamt";"roman";0,720826061461548;2641,82751525658;0,155484361474466;0,718971146784792;0,552408724514099;1;0,446059548266446;1;1;0;1;0,495957098384505;0,323989530598379;0,656487312659253;1
"51";"neamt";"piatra-neamt";0,716487722409504;5061,98575882315;1;1;0,554484247040098;1;1;1;0,767992043400096;0,00714408125806747;-9,45175155912654e-18;1;0,0158729492020175;0,902869634822219;1
"52";"brasov";"brasov";0,708195797862937;17726,8490163072;0,999999999999999;0,428718175439511;1;1;0,899724558754786;1;0,546908314554318;3,46944695195361e-18;1;0,680055642891525;0,28275033440647;1;0,823546841897043
"53";"caras-severin";"caransebes";0,706674535657357;1893,88775556172;-2,04871598695344e-16;0,825454007494087;0,797691907040001;0,252474045156318;0,802117591881807;1;0,165490492654236;0;0,593599420555547;1;0,705073620219765;0,565624472001262;0,413230669266819
"54";"alba";"sebes";0,704412138919299;1842,74215541289;1;1;1;1;1;0,667298450988321;1;0,071455753717697;-1,79604483460989e-16;1,19613359277176e-15;0,565713249470568;1;1
"55";"caras-severin";"resita";0,701877432187686;4779,78531319814;-1,0173705466715e-16;0,656251652364694;0,678720766937923;0,795958381990008;0,490440518339444;1;1;0,00701587733117185;9,42171900520199e-17;-2,62742569601984e-17;0,0794320450371085;1;0,741050006317306
"56";"dambovita";"tirgoviste";0,68969573232376;5194,78825586256;1;1;0;1;9,90977604760953e-17;1;0,956702761685921;-6,34245256240653e-18;1;0,999999999999998;0,130970892205213;0,874888776168381;1
"57";"teleorman";"alexandria";0,681551786669108;2286,60624427486;1;1;0,303558789407261;1;1,64515141908718e-16;0,670197631989115;0,815956223284341;-1,0842021724855e-19;1;1;0,081603849100326;0,869638223281595;0,770775363027049
"58";"suceava";"suceava";0,669247688349177;5519,95493350401;0,787240551202412;0,990993229918977;0,701948903722463;-4,29132397185883e-17;1,11733200640625e-16;1;0,857212960547865;2,01843369318286e-18;0;-2,90502383766235e-16;0,221249748757174;1;0,967805475262661
"59";"constanta";"mangalia";0,667641678090216;2086,38024403193;1;1;0,739127619512151;0,0399499464663369;1;0,987563191695648;1;1,41532679981558e-18;1;7,90495629516398e-15;0;0,959019527078908;0,92268849088103
"60";"bucuresti";"sector4";0,65483307450669;20826,9659346853;0,459361740566911;0,248838996446921;0,338894073835294;0,660935165711599;1;1;0,554892731860897;-6,37103616075328e-18;0,13506335934431;1;0,374117334467566;1;0,562426028543651
"61";"valcea";"ramnicu valcea";0,652603874628949;6149,48631062858;2,52656889388895e-17;1;0,262374992111343;1;0,382918902275048;0,708872307067043;0,305128053904659;-2,58870283726801e-18;0,865469178903895;1;0,53131644967957;0,750891730564983;0,787605945017311
"62";"bucuresti";"sector5";0,651546123402949;18431,588284946;1,36716028678027e-16;0,819250787778614;0,339533352257498;-3,59007185016497e-18;0,540070890171687;1;0,225768627247511;-7,31565139642164e-19;2,75226313819653e-17;-2,5886107782019e-15;0,438287549101416;1;0,451094264648118
"63";"bacau";"onesti";0,650530929246255;1859,86792671504;1;0,619212409786608;0,685833196249945;4,61895070327557e-17;0,484973502913431;1;0,135728371452146;0,0250317950311095;1;0,187744706596718;0,166494070462359;0,791062703075775;0,659254883612047
"64";"brasov";"zarnesti";0,649961078019248;1466,31219201142;0,999999999999995;1;1;2,14980806014151e-16;1;1;2,9614173478358e-16;0,0950164302095759;-3,80827636732406e-16;1;0;0,627836681650567;0,953868945249537
"65";"hunedoara";"calan";0,645282960117263;573,656551544247;0,999999999999986;1;1;8,62131442498794e-17;0,871966597972159;-6,95556464970745e-17;1;0;1;1;1;1;0,452002611430518
"66";"valcea";"dragasani";0,642269421998079;1141,95503231258;0,999999999999999;1,28922760117461e-15;0;1;1,74706186626772e-16;0,160865614526596;0,858837376566197;0,0330045289165718;-2,67161276730086e-16;3,73642645075959e-15;0,927428649782701;1;3,74938772238892e-17
"67";"galati";"galati";0,640315326728064;14342,4230033819;1;0,23272481985497;0,772320832308984;0,700117321716162;0,714712464099842;0,873722664585692;0,440324691916554;0;0,462551743347542;1;0,57506591020619;0,711311948546541;0,668182316921955
"68";"salaj";"zalau";0,639395071707885;4086,3739032851;1;1;1;0,00291304539766098;0,984270355420558;1;1;0,141738790227633;0,285189978229403;3,52441915715869e-17;6,00273022897491e-18;1;1
"69";"ialomita";"slobozia";0,637090589431646;2275,68758544984;-4,70219340759091e-16;1;0,101307172223081;1;-2,76340994431672e-16;1;0,519281406200492;0,00614612822211596;1;1;1,43378246353229e-17;1;0,962906196389316
"70";"hunedoara";"petrosani";0,618880662561084;1759,47772366116;1;0,75593254064529;0,124047501422052;4,11440465272079e-17;0,259487751908531;0,885745688407698;4,07976322210258e-16;0;0,551027864161506;0,0227894729480489;0,449858659889866;0,992370081789515;8,84537570866937e-17
"71";"prahova";"ploiesti";0,618523837879744;12379,1360913252;1;1;0,420556101663226;0,101128379222898;1;1;0,987090015355818;0,0456049624575805;7,43101240847918e-17;0,241298405846676;0,351270416313182;0,637558615839362;1
"72";"cluj";"campia turzii";0,617988692549293;1433,73376671436;0,999999999999976;-1,51597786480462e-16;1;1;0,797255026477487;1;0,904845682116238;0,071975687418245;1,11455918077054e-16;1;0,327295961011539;0,976160578713135;1
"73";"bucuresti";"sector2";0,608914095312731;21731,5351476161;-3,34745832245586e-17;0,49795111803269;0,593130007476135;0,447323285674636;1,73801654405355e-16;1;0,394023874515341;0,0211819066810235;0,640206183448508;1,19638314806678e-16;0,405446643750636;0,951615754927672;0,476962798793472
"74";"alba";"cugir";0,608166878503779;906,168648970631;1;1;1;0,242567922184639;9,83005935988274e-18;1;1;0,0755768091929306;0,797311325772567;1;0;0,323069810360307;1
"75";"buzau";"nehoiu";0,601439604836297;477,54304624002;1,86119362153679e-16;-6,85527492074578e-16;0;1;-1,83841303575173e-15;-8,41966556544626e-17;1;0,0965077264020973;1;0,844905004153716;0,840137656122414;0,850190193643268;0,154213396386562
"76";"arges";"pitesti";0,59613269525376;8959,87440966401;1;0,926751011369738;0,300339247359972;0,981732729674722;1;1;0,676103247421339;0;1;2,95169703931632e-16;0,161417544362734;1;0,669319287033126
"77";"prahova";"campina";0,586207086378531;1598,00051746788;2,77643615795358e-16;1;0,998045563559925;0,708559323272007;1;0,931951523907151;0,687166954073439;-2,16840434497101e-19;-2,50900415497205e-15;0,520849045241249;0,322660204366529;0,913062297673134;0,6107703967782
"78";"dolj";"craiova";0,58284308775974;16047,4187352889;1;1;0,437900669957505;1;0,817945972515941;0,708277834418073;0,690834588177066;0;1,78340694142518e-16;1;0,332517208346815;1;1
"79";"suceava";"vatra dornei";0,58141751097953;795,379155019997;1;0,20085129606802;0,761737319031292;1;1;0,381389683680255;1;-6,93889390390723e-18;-8,25411172514316e-17;1;0,271547284153068;1;1
"80";"brasov";"sacele";0,575372590339305;1624,27682252786;-7,13358411849303e-15;2,78239006471153e-15;0,773934772985446;1;1;1;0,431911280951378;0;1,6365229129917e-15;0,999999999999998;0,824655754100655;1;0,890895487378961
"81";"vaslui";"birlad";0,568263400311219;2661,17750365744;-5,97541835700662e-16;1;0,735125937951389;-4,81901153650116e-17;1;1;0,850844371149255;1,73472347597681e-18;3,75338851976667e-18;0,150401012786395;0,276663563327785;0,812070771350026;1
"82";"suceava";"falticeni";0,563250584607594;872,475155557163;1;-3,08884620190284e-17;1;4,10323746867538e-16;-3,22534962335129e-16;0,496473363351759;0,165625825563969;0,00224756885158709;1;0,999999999999999;0,387716181190198;1;0,328702313655728
"83";"vrancea";"adjud";0,56146971635215;674,886599055284;-3,46456141709759e-15;-7,94382794074049e-15;0,0907314053978559;5,37013406650541e-16;0,0105754420195603;1;1;0,107515455504445;1;0,370484903889059;0,547618557768272;0,969438400264673;0,436274963377636
"84";"maramures";"sighetu marmatiei";0,560033794047614;2418,2259226976;-1,75152845330966e-16;1;0,882460695177487;1;1;1;1;0,0782628724294462;8,89720588131859e-17;1;0,315368813035317;1;0,229775099919819
"85";"ilfov";"voluntari";0,559920166434502;1831,49886440726;1;0,14957593695179;0,627529225250673;0;1,5823163250141e-16;1;1;0,0413975543621987;0,289178094295302;1;0,477248063609948;1;0,439132490320674
"86";"calarasi";"calarasi";0,55597138079981;2492,41970012555;1;3,85820011575756e-17;0,707287298784323;4,98025002559214e-17;0,275954246127962;0,477464555440687;0,579512292783075;0,0276096396474193;0;1;0,538361304130638;0,937746315202619;0,814253287064353
"87";"suceava";"campulung moldovenesc";0,555048320343116;699,91593195267;1;1;0,798480570647735;0,999999999999998;0,581078759124297;0,493815187503347;1,32590251744629e-16;0,0511645699816783;1;0,999999999999999;0,220809520930933;1;0,988457286656019
"88";"teleorman";"rosiori de vede";0,551632189214265;1280,33831116631;0,122238701400767;0,0308292999072824;0,48373963769705;0,0287941777729648;1;1;-7,57927951237865e-17;0;1;0,999999999999999;0,374842176059629;1;0,353398040888269
"89";"constanta";"medgidia";0,542497975968519;1648,65134896833;1;1;0,142381237822604;1;-3,22917237308991e-20;1;1;0,0193476866074922;1;0;0,0151118136708026;1;0,697991149217855
"90";"vaslui";"husi";0,535423335767872;1387,28186297456;1;1;0,669416093797382;-1,99211044392421e-15;1;1;0,526860940191872;-4,5333052952705e-17;0,228736095310494;1;0,109948948458866;0,999999999999999;0,964644237154542
"91";"brasov";"fagaras";0,534622523568455;1275,60934123433;6,63675042058624e-16;2,82542866734868e-16;0,439703844441178;4,2964740462276e-17;3,40083597996993e-17;1;1;0,0544087583994935;-5,25113754988306e-16;1;0,541768130673355;1;1
"92";"botosani";"dorohoi";0,529823893709917;909,707625499927;1,00000000000001;0,960967218126007;0,23718223987151;1;1;0,919676679955189;0;0,00292935886669546;1;1,31601544859507e-16;-1,28727461414044e-17;0,935945301000192;0,50757084950137
"93";"olt";"corabia";0,527308478872381;490,396885351314;-5,39019006960322e-15;2,74340341977378e-16;0,665388153608266;0,999999999999997;1,05654875852913e-15;0,221195858346148;0,259685979029368;0;0,999999999999999;0,999999999999998;0,962813137224406;1;0,466014190073544
"94";"ilfov";"pantelimon";0,51856127358627;1490,34510028694;-4,86369673681157e-15;-1,53762235373238e-16;2,24038497638404e-17;-2,3143705311919e-15;5,76747408042848e-16;1;0,377615966189766;0,078438288757778;0,320972794955311;0,999999999999999;0,543778608197221;1;1
"95";"vaslui";"vaslui";0,517801896455184;2409,33222420597;1;0,783209545802276;0,255239828016883;1;1;0,929175308670883;0,248392337310482;0;-1,39195863356962e-17;1;0,520185697626989;1;1
"96";"mehedinti";"drobeta-turnu severin";0,514307123128819;4265,66327923043;1;0,0277450054692965;0,769306629741876;1;0,725965470299676;0,905141273185035;0;-2,01009933062951e-18;0,456256854387962;1;0,264975239005993;1;0,901069366093445
"97";"iasi";"pascani";0,508176461106392;1404,09156203696;1;1;0,928604668015149;1;1,05961344941228e-16;1;0,491435673223002;0;1;0;0,238578775526402;1;0,150150354977619
"98";"galati";"tecuci";0,508166527092937;1307,51247421013;0,999999999999998;-4,79283731712329e-17;0,634016904081285;0,721414061092439;1;1;0,176571758221686;3,67271176260787e-18;-4,98035860321363e-16;-3,89699049517243e-15;0,688461855981303;-1,85571284878293e-16;0,951722645586508
"99";"gorj";"motru";0,503030722454276;782,715804138854;-6,59758447217781e-15;0,513938796906627;0,493477621612593;-1,30850340084595e-17;0,0911871843561165;1;1;0,0449423438961135;1,15598897850696e-15;-2,65501472522833e-15;0,0611907305303605;0,97952614962261;0,892889016130461
"100";"braila";"braila";0,499317395750883;6704,3346727471;1;0,612673558289814;0,641462769809984;1;-1,47024268228772e-17;1;0,527882442696904;0,00645308906166677;1;0,804732256699593;0,230553364232519;1;0,820901381033011
"101";"olt";"slatina";0,498630494023097;2817,76092172452;-3,25663908552183e-16;3,10834723828153e-16;0,731640639698751;-7,12100500357763e-16;-5,43664552499371e-16;0,905824465832303;1;-3,91756148535906e-18;0,359013220432561;1,4449803660805e-17;0,325598216530567;1;0,779532867417429
"102";"hunedoara";"vulcan";0,481560598662224;840,323244665581;1;1;-6,15935192713185e-17;-5,07812437204729e-19;0,566421661305853;0,682105547105256;0,569771183518671;0;5,83005525736977e-17;1;0,41892509218102;0,740985637036782;0,450402934098461
"103";"constanta";"navodari";0,479379810358724;1431,42811373115;8,92733252251844e-17;1;0,0427314595746898;1;0,253977950697998;1;0,53135386478314;0,281464910502809;0,999999999999999;-1,54655566597705e-15;0,903142208645345;0,71084783410977;0,279362924724555
"104";"hunedoara";"brad";0,459895154764646;684,783885444558;1;0,424232337604227;1;-2,77555756156289e-17;-7,14484732513343e-16;0,183216706140427;0,730386090912107;0,109986862954149;0,77396640059978;2,56383626221999e-15;0,451191398005987;1;4,59582754635535e-17
"105";"buzau";"buzau";0,403646772548333;4495,01045909823;1,79925458577434e-17;1;0,260022135014461;0,724817891165243;2,45116206314896e-18;0,628143872539397;1;0;0,0211721144815982;1;0,607616947399807;1;1
"106";"bacau";"moinesti";0,391927145141361;489,51700428156;1;-5,19945046409013e-17;0,0789654680753423;3,95212012514943e-16;-1,83859884689623e-16;0,728924500226844;1;0,0512847464849399;1;6,01498492003338e-16;1;1;0,769647693889378
"107";"olt";"caracal";0,385343433330512;924,053553126569;0,999999999999999;1;0,404399754637621;1;-8,32963516319155e-16;1;1;-4,10766504329276e-18;2,76486533786821e-15;-5,02758105614796e-16;0,681733615562675;0,978620945258946;0,500200634675122
"108";"hunedoara";"lupeni";0,366321141996196;429,694699561538;0,999999999999996;8,65212178899336e-16;0,352171338576586;1;0,738788342077087;1;0,650183546495338;3,46944695195361e-18;0,216370987980563;0,999999999999999;0,0477668122566875;1;0,509400086091971
"109";"caras-severin";"oravita";0,355297617678999;337,17743917737;1;0,789285210890943;0,574668734909065;3,85424858894147e-15;-1,77651462575877e-16;-1,38777878078145e-17;0,937695776322356;0,18056960931746;1;1;0,309536376816786;1;0,15991938123274
"110";"botosani";"botosani";0,336205223038811;2757,89144458736;1;-1,82266378468704e-17;1;0,351336538199902;1;1;0,191515351437868;0;1,73059190015529e-15;5,03046420535021e-17;0,351963087343551;0,77933214890982;1
"111";"gorj";"tirgu jiu";0,335990058054398;2626,09829375317;0,999999999999999;1;0,564665595181861;2,65131966002851e-17;0,64119771235279;1;1;0;0,999999999999998;0,999999999999998;0,364157710624556;1;1
"112";"ialomita";"fetesti";0,304501629308923;669,599082850321;1;0,999999999999999;0,4191430441819;1;0,741296642346961;0,164353514887103;0,441172260960759;0,00874232753183027;-2,76943235772239e-16;1,7336132232048e-15;1;1;1
"113";"arges";"campulung";0,291594322481736;827,836281525648;-2,78562807977539e-15;0,999999999999999;0,461353694370788;-6,97253217700731e-17;1;1;0,0660843099382247;-3,07630894652081e-18;0,999999999999999;1;0,603454607457233;1;1
"114";"calarasi";"oltenita";0,277802924409368;487,82193526285;-4,07701766042412e-16;0,424092146369082;2,17754279732616e-17;3,64500120441746e-15;1,00000000000001;1;1;0;-3,45604015075731e-16;-3,20481000810155e-15;0,24730370923242;1;0,945233252854112
"115";"arges";"mioveni";0,272672059196276;851,009496751577;0,752338894990702;1;0,427157851987998;-3,28570247072045e-16;1,58682948815362e-17;1;0,999999999999999;-8,75583662367254e-21;-3,32906185705353e-16;0,999999999999999;0,787670902145258;1;0,807310588207364
"116";"dolj";"bailesti";0,272334969456108;476,586196548189;4,4738782480516e-15;1;0,210852542549044;1;0,999999999999999;1,77479158022512e-16;0,581128547596196;0,203065023059754;3,12688251550462e-17;0,999999999999999;0,53524046512847;1;0,57487946845971
"117";"giurgiu";"giurgiu";0,25256032749204;1114,80128554986;1;1;0,373557858576053;7,88588445618463e-17;0,21022400519922;1;0,0896296530781099;-7,92175132627579e-18;-2,76089599010451e-15;1,08640502230555e-15;0,504167046642819;0,594997979029486;0,788639112798003
"118";"buzau";"ramnicu sarat";0,177859558872705;435,400200120381;-9,16982185547705e-16;0,284302687111903;0;1;-2,28730326607634e-15;0,45705708546678;1;-5,89072554734079e-18;-2,11380507565351e-16;1,04364424510207e-16;1;0,901995574909938;1
"119";"hunedoara";"petrila";0,152163197474543;217,441209191122;1,40394628128996e-15;1;0,0423561493113405;4,64432103347286e-16;1;1;1;0,0357487318797206;-7,32402615512885e-16;1;0,391876385913385;1;0,906703903638753
"120";"ilfov";"popesti leordeni";0,139936544450973;670,016174831257;1,00000000000004;2,37578808228811e-15;4,24649788922288e-17;2,38417224043445e-15;1,5167318825771e-15;1;0,999999999999995;0,445745301913578;-1,3137362608882e-14;1,59832593774643e-15;1;0,724778692910721;8,07103633381984e-17
